University,Course,Date,Time,Sem,QPCode,SubjectName
Bangalore City University ,Bachelor of Arts (2018 Batch Only),8/3/2021,09:30 am - 12:30 pm,Fifth,10521,History : History of Modren India
Bangalore City University ,Bachelor of Arts (2018 Batch Only),10/3/2021,09:30 am - 12:30 pm,Fifth,10522,History : History of China and Japan : 1900 AD
Bangalore City University ,Bachelor of Arts (2018 Batch Only),10/3/2021,09:30 am - 12:30 pm,Fifth,10560,History: History of Europe 1500 - 1945
Bangalore City University ,Bachelor of Arts (2018 Batch Only),12/3/2021,09:30 am - 12:30 pm,Fifth,10533,English (Optional) : Literatures of India: An Intr
Bangalore City University ,Bachelor of Arts (2018 Batch Only),12/3/2021,09:30 am - 12:30 pm,Fifth,10558,Marketing V
Bangalore City University ,Bachelor of Arts (2018 Batch Only),15/03/2021,09:30 am - 12:30 pm,Fifth,10534,English (Optional): Europeanand Non-European Wri
Bangalore City University ,Bachelor of Arts (2018 Batch Only),15/03/2021,09:30 am - 12:30 pm,Fifth,10559,Marketing VI
Bangalore City University ,Bachelor of Arts (2018 Batch Only),17/03/2021,09:30 am - 12:30 pm,Fifth,10537,Psychology : Counseling Psychology I
Bangalore City University ,Bachelor of Arts (2018 Batch Only),17/03/2021,09:30 am - 12:30 pm,Fifth,10538,Psychology : Health psychology I
Bangalore City University ,Bachelor of Arts (2018 Batch Only),17/03/2021,09:30 am - 12:30 pm,Fifth,10539,Psychology : Social Psychology I
Bangalore City University ,Bachelor of Arts (2018 Batch Only),19/03/2021,09:30 am - 12:30 pm,Fifth,10540,Psychology : Industrial & Organizational psycholog
Bangalore City University ,Bachelor of Arts (2018 Batch Only),19/03/2021,09:30 am - 12:30 pm,Fifth,10542,Psychology : Educationa l Psychology I
Bangalore City University ,Bachelor of Arts (2018 Batch Only),19/03/2021,09:30 am - 12:30 pm,Fifth,10543,Psychology : Abnormal Psychology I
Bangalore City University ,Bachelor of Arts (2018 Batch Only),22/03/2021,09:30 am - 12:30 pm,Fifth,90041,Banking and Finance
Bangalore City University ,Bachelor of Arts (2018 Batch Only),22/03/2021,09:30 am - 12:30 pm,Fifth,90042,Building Mathematical Ability
Bangalore City University ,Bachelor of Arts (2018 Batch Only),24/03/2021,09:30 am - 12:30 pm,Fifth,10527,Political Science : Indian Constitution Institutui
Bangalore City University ,Bachelor of Arts (2018 Batch Only),24/03/2021,09:30 am - 12:30 pm,Fifth,10547,Home Science : Basic Nutrition and Family Meal Man
Bangalore City University ,Bachelor of Arts (2018 Batch Only),24/03/2021,09:30 am - 12:30 pm,Fifth,10553,Music V
Bangalore City University ,Bachelor of Arts (2018 Batch Only),26/03/2021,09:30 am - 12:30 pm,Fifth,10528,Politica l Science : International Politics
Bangalore City University ,Bachelor of Arts (2018 Batch Only),26/03/2021,09:30 am - 12:30 pm,Fifth,10548,Home Science : Fashion Illustration and Clothing C
Bangalore City University ,Bachelor of Arts (2018 Batch Only),26/03/2021,09:30 am - 12:30 pm,Fifth,10561,Music VI
Bangalore City University ,Bachelor of Arts (2018 Batch Only),29/03/2021,09:30 am - 12:30 pm,Fifth,10551,Kannada (Optional) V
Bangalore City University ,Bachelor of Arts (2018 Batch Only),29/03/2021,09:30 am - 12:30 pm,Fifth,10554,Tourism V
Bangalore City University ,Bachelor of Arts (2018 Batch Only),29/03/2021,09:30 am - 12:30 pm,Fifth,10556,Communicative English V
Bangalore City University ,Bachelor of Arts (2018 Batch Only),31/03/2021,09:30 am - 12:30 pm,Fifth,10523,Economics : Corporate Economics
Bangalore City University ,Bachelor of Arts (2018 Batch Only),31/03/2021,09:30 am - 12:30 pm,Fifth,10535,Women Studies : Fundamentals of Fminists Theory
Bangalore City University ,Bachelor of Arts (2018 Batch Only),31/03/2021,09:30 am - 12:30 pm,Fifth,10552,Kannada (Optional) VI
Bangalore City University ,Bachelor of Arts (2018 Batch Only),31/03/2021,09:30 am - 12:30 pm,Fifth,10555,Tourism VI
Bangalore City University ,Bachelor of Arts (2018 Batch Only),31/03/2021,09:30 am - 12:30 pm,Fifth,10557,Communicative English
Bangalore City University ,Bachelor of Arts (2018 Batch Only),3/4/2021,09:30 am - 12:30 pm,Fifth,10524,Economics : Mathematics for Economists
Bangalore City University ,Bachelor of Arts (2018 Batch Only),3/4/2021,09:30 am - 12:30 pm,Fifth,10525,Economics : Rural Development & Cooperation
Bangalore City University ,Bachelor of Arts (2018 Batch Only),3/4/2021,09:30 am - 12:30 pm,Fifth,10526,Economics of Tourism
Bangalore City University ,Bachelor of Arts (2018 Batch Only),3/4/2021,09:30 am - 12:30 pm,Fifth,10536,Women Studies: Gender Issues in India
Bangalore City University ,Bachelor of Arts (2018 Batch Only),5/4/2021,09:30 am - 12:30 pm,Fifth,10531,Journalism : Reporting
Bangalore City University ,Bachelor of Arts (2018 Batch Only),5/4/2021,09:30 am - 12:30 pm,Fifth,10544,Geography : Regional Geography of India
Bangalore City University ,Bachelor of Arts (2018 Batch Only),7/4/2021,09:30 am - 12:30 pm,Fifth,10532,Journalism: Editing
Bangalore City University ,Bachelor of Arts (2018 Batch Only),7/4/2021,09:30 am - 12:30 pm,Fifth,10545,Geography : Environmental Geography
Bangalore City University ,Bachelor of Arts (2018 Batch Only),7/4/2021,09:30 am - 12:30 pm,Fifth,10546,Geography : Settlement Geography
Bangalore City University ,Bachelor of Arts (2018 Batch Only),9/4/2021,09:30 am - 12:30 pm,Fifth,10529,Sociology: Sociology of Women
Bangalore City University ,Bachelor of Arts (2018 Batch Only),12/4/2021,09:30 am - 12:30 pm,Fifth,10530,Sociology: Sociology of Health and Medicine
Bangalore City University ,Bachelor in Audiology and Speech Language Pathology,8/3/2021,09:30 am - 12:30 pm,Fifth,17521,Structural Anomalies and Speech Disorders
Bangalore City University ,Bachelor in Audiology and Speech Language Pathology,10/3/2021,09:30 am - 12:30 pm,Fifth,17522,Fluency and its Disorders
Bangalore City University ,Bachelor in Audiology and Speech Language Pathology,12/3/2021,09:30 am - 12:30 pm,Fifth,17523,Pediatric Audiology
Bangalore City University ,Bachelor in Audiology and Speech Language Pathology,15/03/2021,09:30 am - 12:30 pm,Fifth,17524,Aural Rehabilitation in Children
Bangalore City University ,Bachelor in Audiology and Speech Language Pathology,17/03/2021,09:30 am - 12:30 pm,Fifth,17525,Clinicals in Speech Language Pathology
Bangalore City University ,Bachelor in Audiology and Speech Language Pathology,19/03/2021,09:30 am - 12:30 pm,Fifth,17526,Clinicals in Audiology
Bangalore City University ,Bachelor in Audiology and Speech Language Pathology,22/03/2021,09:30 am - 12:30 pm,Fifth,90041,Banking and Finance
Bangalore City University ,Bachelor in Audiology and Speech Language Pathology,22/03/2021,09:30 am - 12:30 pm,Fifth,90042,Building Mathematical Ability
Bangalore City University ,BBA (Aviation Management) (2018 Batch Only),8/3/2021,09:30 am - 12:30 pm,Fifth,18521,Marketing Research
Bangalore City University ,BBA (Aviation Management) (2018 Batch Only),10/3/2021,09:30 am - 12:30 pm,Fifth,18522,Airline Finance and Insurance
Bangalore City University ,BBA (Aviation Management) (2018 Batch Only),12/3/2021,09:30 am - 12:30 pm,Fifth,18523,Aviation Law and Aircraft Rules and Regulations
Bangalore City University ,BBA (Aviation Management) (2018 Batch Only),15/03/2021,09:30 am - 12:30 pm,Fifth,18524,Air Traffic Control
Bangalore City University ,BBA (Aviation Management) (2018 Batch Only),17/03/2021,09:30 am - 12:30 pm,Fifth,18525,Air Transportation Safety & Security
Bangalore City University ,BBA (Aviation Management) (2018 Batch Only),19/03/2021,09:30 am - 12:30 pm,Fifth,18526,Mini Project On Airline Operations Industrial visi
Bangalore City University ,BBA (Aviation Management) (2018 Batch Only),22/03/2021,09:30 am - 12:30 pm,Fifth,90044,"Culture, Diversity and Society"
Bangalore City University ,BBA (Aviation Management) (2018 Batch Only),22/03/2021,09:30 am - 12:30 pm,Fifth,90046,German
Bangalore City University ,BBA (Aviation Management) (2018 Batch Only),22/03/2021,09:30 am - 12:30 pm,Fifth,90047,French
Bangalore City University ,BBA (Aviation Management) (2018 Batch Only),22/03/2021,09:30 am - 12:30 pm,Fifth,90048,Sanskrit
Bangalore City University ,Bachelor of Computer Application (2018 Batch Only),8/3/2021,09:30 am - 12:30 pm,Fifth,15521,Data Communication and Networks
Bangalore City University ,Bachelor of Computer Application (2018 Batch Only),10/3/2021,09:30 am - 12:30 pm,Fifth,15522,Software Engineering
Bangalore City University ,Bachelor of Computer Application (2018 Batch Only),12/3/2021,09:30 am - 12:30 pm,Fifth,15523,Computer Architecture
Bangalore City University ,Bachelor of Computer Application (2018 Batch Only),15/03/2021,09:30 am - 12:30 pm,Fifth,15524,Java Programming
Bangalore City University ,Bachelor of Computer Application (2018 Batch Only),17/03/2021,09:30 am - 12:30 pm,Fifth,15525,Microprocessor and Assembly Language
Bangalore City University ,Bachelor of Computer Application (2018 Batch Only),22/03/2021,09:30 am - 12:30 pm,Fifth,90041,Banking and Finance
Bangalore City University ,Bachelor of Computer Application (2018 Batch Only),22/03/2021,09:30 am - 12:30 pm,Fifth,90043,Capital Market
Bangalore City University ,Bachelor of Computer Application (2018 Batch Only),22/03/2021,09:30 am - 12:30 pm,Fifth,90046,German
Bangalore City University ,Bachelor of Computer Application (2018 Batch Only),22/03/2021,09:30 am - 12:30 pm,Fifth,90047,French
Bangalore City University ,Bachelor of Commerce (Honours) (2018 Batch Only),8/3/2021,09:30 am - 12:30 pm,Fifth,19521,Management Accounting
Bangalore City University ,Bachelor of Commerce (Honours) (2018 Batch Only),10/3/2021,09:30 am - 12:30 pm,Fifth,19522,Logistics and Supply Chain Management
Bangalore City University ,Bachelor of Commerce (Honours) (2018 Batch Only),12/3/2021,09:30 am - 12:30 pm,Fifth,19523,Auditing
Bangalore City University ,Bachelor of Commerce (Honours) (2018 Batch Only),15/03/2021,09:30 am - 12:30 pm,Fifth,19524,Advanced Accounting
Bangalore City University ,Bachelor of Commerce (Honours) (2018 Batch Only),15/03/2021,09:30 am - 12:30 pm,Fifth,19529,International Finance
Bangalore City University ,Bachelor of Commerce (Honours) (2018 Batch Only),15/03/2021,09:30 am - 12:30 pm,Fifth,19534,Accounting Information Systems
Bangalore City University ,Bachelor of Commerce (Honours) (2018 Batch Only),15/03/2021,09:30 am - 12:30 pm,Fifth,19539,International Banking & Forex Management
Bangalore City University ,Bachelor of Commerce (Honours) (2018 Batch Only),17/03/2021,09:30 am - 12:30 pm,Fifth,19525,Accounting Standards
Bangalore City University ,Bachelor of Commerce (Honours) (2018 Batch Only),17/03/2021,09:30 am - 12:30 pm,Fifth,19530,Strategic Financial Management
Bangalore City University ,Bachelor of Commerce (Honours) (2018 Batch Only),17/03/2021,09:30 am - 12:30 pm,Fifth,19535,Enterprise Resource Planning
Bangalore City University ,Bachelor of Commerce (Honours) (2018 Batch Only),17/03/2021,09:30 am - 12:30 pm,Fifth,19540,Life and General Insurance
Bangalore City University ,Bachelor of Commerce (Honours) (2018 Batch Only),19/03/2021,09:30 am - 12:30 pm,Fifth,19526,Business Taxation
Bangalore City University ,Bachelor of Commerce (Honours) (2018 Batch Only),19/03/2021,09:30 am - 12:30 pm,Fifth,19531,Corporate Financial Policy
Bangalore City University ,Bachelor of Commerce (Honours) (2018 Batch Only),19/03/2021,09:30 am - 12:30 pm,Fifth,19536,Big Data Analytics
Bangalore City University ,Bachelor of Commerce (Honours) (2018 Batch Only),19/03/2021,09:30 am - 12:30 pm,Fifth,19541,Risk Management
Bangalore City University ,Bachelor of Commerce (Honours) (2018 Batch Only),22/03/2021,09:30 am - 12:30 pm,Fifth,90044,"Culture, Diversity and Society"
Bangalore City University ,Bachelor of Commerce (Honours) (2018 Batch Only),22/03/2021,09:30 am - 12:30 pm,Fifth,90046,German
Bangalore City University ,Bachelor of Commerce (Honours) (2018 Batch Only),22/03/2021,09:30 am - 12:30 pm,Fifth,90047,French
Bangalore City University ,Bachelor of Commerce (Honours) (2018 Batch Only),22/03/2021,09:30 am - 12:30 pm,Fifth,90048,Sanskrit
Bangalore City University ,Bachelor of Commerce (Honours) (2018 Batch Only),24/03/2021,09:30 am - 12:30 pm,Fifth,19527,Corporate Tax Planning
Bangalore City University ,Bachelor of Commerce (Honours) (2018 Batch Only),24/03/2021,09:30 am - 12:30 pm,Fifth,19532,Security Analysis & Portfolio Management
Bangalore City University ,Bachelor of Commerce (Honours) (2018 Batch Only),24/03/2021,09:30 am - 12:30 pm,Fifth,19537,Information Technology and Audit
Bangalore City University ,Bachelor of Commerce (Honours) (2018 Batch Only),24/03/2021,09:30 am - 12:30 pm,Fifth,19542,Marketing oflnsurance Products
Bangalore City University ,Bachelor of Commerce (Honours) (2018 Batch Only),26/03/2021,09:30 am - 12:30 pm,Fifth,19528,Indirect Tax
Bangalore City University ,Bachelor of Commerce (Honours) (2018 Batch Only),26/03/2021,09:30 am - 12:30 pm,Fifth,19533,Financial Risk Management
Bangalore City University ,Bachelor of Commerce (Honours) (2018 Batch Only),26/03/2021,09:30 am - 12:30 pm,Fifth,19538,Banking Technology and Management
Bangalore City University ,Bachelor of Commerce (Honours) (2018 Batch Only),26/03/2021,09:30 am - 12:30 pm,Fifth,19543,Actuarial Science
Bangalore City University ,Bachelor of Commerce (2018 Batch Only),8/3/2021,09:30 am - 12:30 pm,Fifth,13521,Entrepreneurship Development
Bangalore City University ,Bachelor of Commerce (2018 Batch Only),10/3/2021,09:30 am - 12:30 pm,Fifth,13522,International Financial Reporting
Bangalore City University ,Bachelor of Commerce (2018 Batch Only),12/3/2021,09:30 am - 12:30 pm,Fifth,13523,Income Tax - I
Bangalore City University ,Bachelor of Commerce (2018 Batch Only),15/03/2021,09:30 am - 12:30 pm,Fifth,13524,Costing Methods
Bangalore City University ,Bachelor of Commerce (2018 Batch Only),17/03/2021,09:30 am - 12:30 pm,Fifth,13525,Advanced Accounting
Bangalore City University ,Bachelor of Commerce (2018 Batch Only),17/03/2021,09:30 am - 12:30 pm,Fifth,13527,International Financial Management
Bangalore City University ,Bachelor of Commerce (2018 Batch Only),17/03/2021,09:30 am - 12:30 pm,Fifth,13529,Accounting Information Systems
Bangalore City University ,Bachelor of Commerce (2018 Batch Only),17/03/2021,09:30 am - 12:30 pm,Fifth,13531,International Banking & Forex Management
Bangalore City University ,Bachelor of Commerce (2018 Batch Only),19/03/2021,09:30 am - 12:30 pm,Fifth,13526,Goods and Services Tax
Bangalore City University ,Bachelor of Commerce (2018 Batch Only),19/03/2021,09:30 am - 12:30 pm,Fifth,13530,Enterprise Resource Planning
Bangalore City University ,Bachelor of Commerce (2018 Batch Only),19/03/2021,09:30 am - 12:30 pm,Fifth,13532,Life & General Insurance
Bangalore City University ,Bachelor of Commerce (2018 Batch Only),22/03/2021,09:30 am - 12:30 pm,Fifth,90044,"Culture, Diversity and Society"
Bangalore City University ,Bachelor of Commerce (2018 Batch Only),22/03/2021,09:30 am - 12:30 pm,Fifth,90046,German
Bangalore City University ,Bachelor of Commerce (2018 Batch Only),22/03/2021,09:30 am - 12:30 pm,Fifth,90047,French
Bangalore City University ,Bachelor of Commerce (2018 Batch Only),22/03/2021,09:30 am - 12:30 pm,Fifth,90048,Sanskrit
Bangalore City University ,Bachelor of Commerce (TTM) (2018 Batch Only),8/3/2021,09:30 am - 12:30 pm,Fifth,13521,Entrepreneurship Development
Bangalore City University ,Bachelor of Commerce (TTM) (2018 Batch Only),10/3/2021,09:30 am - 12:30 pm,Fifth,13522,Interanational Financial Reporting Standards
Bangalore City University ,Bachelor of Commerce (TTM) (2018 Batch Only),12/3/2021,09:30 am - 12:30 pm,Fifth,13523,Income Tax - 1
Bangalore City University ,Bachelor of Commerce (TTM) (2018 Batch Only),15/03/2021,09:30 am - 12:30 pm,Fifth,13524,Costing Methods
Bangalore City University ,Bachelor of Commerce (TTM) (2018 Batch Only),17/03/2021,09:30 am - 12:30 pm,Fifth,13525,Advanced Accounting
Bangalore City University ,Bachelor of Commerce (TTM) (2018 Batch Only),17/03/2021,09:30 am - 12:30 pm,Fifth,13527,International Financial Management
Bangalore City University ,Bachelor of Commerce (TTM) (2018 Batch Only),17/03/2021,09:30 am - 12:30 pm,Fifth,13529,Accounting Information Systems
Bangalore City University ,Bachelor of Commerce (TTM) (2018 Batch Only),17/03/2021,09:30 am - 12:30 pm,Fifth,13531,International Banking & Forex Management
Bangalore City University ,Bachelor of Commerce (TTM) (2018 Batch Only),19/03/2021,09:30 am - 12:30 pm,Fifth,13526,Goods and Services Tax
Bangalore City University ,Bachelor of Commerce (TTM) (2018 Batch Only),19/03/2021,09:30 am - 12:30 pm,Fifth,13530,Enterprise Resource Planning
Bangalore City University ,Bachelor of Commerce (TTM) (2018 Batch Only),19/03/2021,09:30 am - 12:30 pm,Fifth,13532,Life & General Insurance
Bangalore City University ,Bachelor of Commerce (TTM) (2018 Batch Only),22/03/2021,09:30 am - 12:30 pm,Fifth,90044,"Culture,Diversity and Society"
Bangalore City University ,Bachelor of Commerce (TTM) (2018 Batch Only),22/03/2021,09:30 am - 12:30 pm,Fifth,90046,German
Bangalore City University ,Bachelor of Commerce (TTM) (2018 Batch Only),22/03/2021,09:30 am - 12:30 pm,Fifth,90047,French
Bangalore City University ,Bachelor of Commerce (TTM) (2018 Batch Only),22/03/2021,09:30 am - 12:30 pm,Fifth,90048,Sanskrit
Bangalore City University ,Bachelor of Hotel Management (2018 Batch Only),22/03/2021,09:30 am - 12:30 pm,Fifth,90044,"Culture,Diversity and Society"
Bangalore City University ,Bachelor of Hotel Management (2018 Batch Only),22/03/2021,09:30 am - 12:30 pm,Fifth,90046,German
Bangalore City University ,Bachelor of Hotel Management (2018 Batch Only),22/03/2021,09:30 am - 12:30 pm,Fifth,90047,French
Bangalore City University ,Bachelor of Hotel Management (2018 Batch Only),22/03/2021,09:30 am - 12:30 pm,Fifth,90048,Sanskrit
Bangalore City University ,Bachelor of Science (2018 Batch Only),8/3/2021,09:30 am - 12:30 pm,Fifth,11521,Physics V
Bangalore City University ,Bachelor of Science (2018 Batch Only),8/3/2021,09:30 am - 12:30 pm,Fifth,11554,ZoologyV
Bangalore City University ,Bachelor of Science (2018 Batch Only),10/3/2021,09:30 am - 12:30 pm,Fifth,11522,Physics VI
Bangalore City University ,Bachelor of Science (2018 Batch Only),10/3/2021,09:30 am - 12:30 pm,Fifth,11555,Zoology VI
Bangalore City University ,Bachelor of Science (2018 Batch Only),12/3/2021,09:30 am - 12:30 pm,Fifth,11529,Computer Science V
Bangalore City University ,Bachelor of Science (2018 Batch Only),12/3/2021,09:30 am - 12:30 pm,Fifth,11558,Microbiology V
Bangalore City University ,Bachelor of Science (2018 Batch Only),15/03/2021,09:30 am - 12:30 pm,Fifth,11530,Computer Science VI
Bangalore City University ,Bachelor of Science (2018 Batch Only),15/03/2021,09:30 am - 12:30 pm,Fifth,11559,Microbiology VI
Bangalore City University ,Bachelor of Science (2018 Batch Only),17/03/2021,09:30 am - 12:30 pm,Fifth,10537,Psychology : Counseling Psychology I
Bangalore City University ,Bachelor of Science (2018 Batch Only),17/03/2021,09:30 am - 12:30 pm,Fifth,10538,Psychology : Health psychology I
Bangalore City University ,Bachelor of Science (2018 Batch Only),17/03/2021,09:30 am - 12:30 pm,Fifth,10539,Psychology : Social Psychology I
Bangalore City University ,Bachelor of Science (2018 Batch Only),17/03/2021,09:30 am - 12:30 pm,Fifth,11523,Chemistry V
Bangalore City University ,Bachelor of Science (2018 Batch Only),17/03/2021,09:30 am - 12:30 pm,Fifth,11533,Biochemistry V
Bangalore City University ,Bachelor of Science (2018 Batch Only),19/03/2021,09:30 am - 12:30 pm,Fifth,10540,Psychology : Industrial &  Organizational psycholog
Bangalore City University ,Bachelor of Science (2018 Batch Only),19/03/2021,09:30 am - 12:30 pm,Fifth,10542,Psychology : Educational Psychology I
Bangalore City University ,Bachelor of Science (2018 Batch Only),19/03/2021,09:30 am - 12:30 pm,Fifth,10543,Psychology : Abnormal Psychology I
Bangalore City University ,Bachelor of Science (2018 Batch Only),19/03/2021,09:30 am - 12:30 pm,Fifth,11524,Chemistry VI
Bangalore City University ,Bachelor of Science (2018 Batch Only),19/03/2021,09:30 am - 12:30 pm,Fifth,11534,Biochemistry VI
Bangalore City University ,Bachelor of Science (2018 Batch Only),22/03/2021,09:30 am - 12:30 pm,Fifth,90041,Banking Finacne
Bangalore City University ,Bachelor of Science (2018 Batch Only),22/03/2021,09:30 am - 12:30 pm,Fifth,90043,Capital Market
Bangalore City University ,Bachelor of Science (2018 Batch Only),22/03/2021,09:30 am - 12:30 pm,Fifth,90046,German
Bangalore City University ,Bachelor of Science (2018 Batch Only),22/03/2021,09:30 am - 12:30 pm,Fifth,90047,French
Bangalore City University ,Bachelor of Science (2018 Batch Only),24/03/2021,09:30 am - 12:30 pm,Fifth,10547,Home Science : Basic Nutrition and Family Meal Man
Bangalore City University ,Bachelor of Science (2018 Batch Only),24/03/2021,09:30 am - 12:30 pm,Fifth,11531,Statistics V
Bangalore City University ,Bachelor of Science (2018 Batch Only),24/03/2021,09:30 am - 12:30 pm,Fifth,11537,Genetics V
Bangalore City University ,Bachelor of Science (2018 Batch Only),24/03/2021,09:30 am - 12:30 pm,Fifth,11564,Nutrition &  Dietetics : Basic Dietetics
Bangalore City University ,Bachelor of Science (2018 Batch Only),26/03/2021,09:30 am - 12:30 pm,Fifth,10548,Home Science: Fashion Illustration and Clothing C
Bangalore City University ,Bachelor of Science (2018 Batch Only),26/03/2021,09:30 am - 12:30 pm,Fifth,11532,Statistics VI
Bangalore City University ,Bachelor of Science (2018 Batch Only),26/03/2021,09:30 am - 12:30 pm,Fifth,11538,Genetics VI
Bangalore City University ,Bachelor of Science (2018 Batch Only),26/03/2021,09:30 am - 12:30 pm,Fifth,11565,Nutrition &  Dietetics : Community N rition
Bangalore City University ,Bachelor of Science (2018 Batch Only),29/03/2021,09:30 am - 12:30 pm,Fifth,11527,Electronics V
Bangalore City University ,Bachelor of Science (2018 Batch Only),29/03/2021,09:30 am - 12:30 pm,Fifth,11560,SericultureV
Bangalore City University ,Bachelor of Science (2018 Batch Only),31/03/2021,09:30 am - 12:30 pm,Fifth,10523,Economics : Corporate Economics
Bangalore City University ,Bachelor of Science (2018 Batch Only),31/03/2021,09:30 am - 12:30 pm,Fifth,11528,Electronics VI
Bangalore City University ,Bachelor of Science (2018 Batch Only),31/03/2021,09:30 am - 12:30 pm,Fifth,11561,Sericulture VI
Bangalore City University ,Bachelor of Science (2018 Batch Only),3/4/2021,09:30 am - 12:30 pm,Fifth,10524,Economics : Mathematics for Economists
Bangalore City University ,Bachelor of Science (2018 Batch Only),3/4/2021,09:30 am - 12:30 pm,Fifth,11556,Biotechnology V
Bangalore City University ,Bachelor of Science (2018 Batch Only),5/4/2021,09:30 am - 12:30 pm,Fifth,11535,Botany V
Bangalore City University ,Bachelor of Science (2018 Batch Only),5/4/2021,09:30 am - 12:30 pm,Fifth,11557,Biotechnology VI
Bangalore City University ,Bachelor of Science (2018 Batch Only),7/4/2021,09:30 am - 12:30 pm,Fifth,11536,Botany VI
Bangalore City University ,Bachelor of Science (2018 Batch Only),9/4/2021,09:30 am - 12:30 pm,Fifth,10529,Sociology: Womens in India
Bangalore City University ,Bachelor of Science (2018 Batch Only),9/4/2021,09:30 am - 12:30 pm,Fifth,11525,Mathematics V
Bangalore City University ,Bachelor of Science (2018 Batch Only),9/4/2021,09:30 am - 12:30 pm,Fifth,11566,Rehabilitation Science V
Bangalore City University ,Bachelor of Science (2018 Batch Only),12/4/2021,09:30 am - 12:30 pm,Fifth,10530,Sociology : Sociology of Health and Medicine
Bangalore City University ,Bachelor of Science (2018 Batch Only),12/4/2021,09:30 am - 12:30 pm,Fifth,11526,Mathematics VI
Bangalore City University ,Bachelor of Science (2018 Batch Only),12/4/2021,09:30 am - 12:30 pm,Fifth,11567,Rehabilitation Science VI
Bangalore City University ,Bachelor of Arts (2018 Batch Only),16/03/2021,09:30 am - 12:30 pm,Third,10302,Kannada ID
Bangalore City University ,Bachelor of Arts (2018 Batch Only),16/03/2021,09:30 am - 12:30 pm,Third,10303,Hindi III
Bangalore City University ,Bachelor of Arts (2018 Batch Only),16/03/2021,09:30 am - 12:30 pm,Third,10304,Urdu Ill
Bangalore City University ,Bachelor of Arts (2018 Batch Only),16/03/2021,09:30 am - 12:30 pm,Third,10305,Sanskrit 
Bangalore City University ,Bachelor of Arts (2018 Batch Only),16/03/2021,09:30 am - 12:30 pm,Third,10306,Telugu III
Bangalore City University ,Bachelor of Arts (2018 Batch Only),16/03/2021,09:30 am - 12:30 pm,Third,10307,Tamil III
Bangalore City University ,Bachelor of Arts (2018 Batch Only),16/03/2021,09:30 am - 12:30 pm,Third,10308,Malayalam ID
Bangalore City University ,Bachelor of Arts (2018 Batch Only),16/03/2021,09:30 am - 12:30 pm,Third,10309,French Ill
Bangalore City University ,Bachelor of Arts (2018 Batch Only),16/03/2021,09:30 am - 12:30 pm,Third,10310,Additional English III
Bangalore City University ,Bachelor of Arts (2018 Batch Only),16/03/2021,09:30 am - 12:30 pm,Third,10311,Bengali ID
Bangalore City University ,Bachelor of Arts (2018 Batch Only),16/03/2021,09:30 am - 12:30 pm,Third,10312,Arabic ID
Bangalore City University ,Bachelor of Arts (2018 Batch Only),16/03/2021,09:30 am - 12:30 pm,Third,10313,Persian m
Bangalore City University ,Bachelor of Arts (2018 Batch Only),18/03/2021,09:30 am - 12:30 pm,Third,10301,English ID
Bangalore City University ,Bachelor of Arts (2018 Batch Only),20/03/2021,09:30 am - 12:30 pm,Third,10321,History ID
Bangalore City University ,Bachelor of Arts (2018 Batch Only),23/03/2021,09:30 am - 12:30 pm,Third,10336,Engli s h (Optional) Ill
Bangalore City University ,Bachelor of Arts (2018 Batch Only),23/03/2021,09:30 am - 12:30 pm,Third,10345,Marketing III
Bangalore City University ,Bachelor of Arts (2018 Batch Only),25/03/2021,09:30 am - 12:30 pm,Third,10329,Psychology ID : Develpomental Psychology
Bangalore City University ,Bachelor of Arts (2018 Batch Only),25/03/2021,09:30 am - 12:30 pm,Third,10366,Psychology III : Child Psychology
Bangalore City University ,Bachelor of Arts (2018 Batch Only),27/03/2021,09:30 am - 12:30 pm,Third,10323,Political Science m
Bangalore City University ,Bachelor of Arts (2018 Batch Only),27/03/2021,09:30 am - 12:30 pm,Third,10335,Crimino logy
Bangalore City University ,Bachelor of Arts (2018 Batch Only),27/03/2021,09:30 am - 12:30 pm,Third,10341,Music III
Bangalore City University ,Bachelor of Arts (2018 Batch Only),27/03/2021,09:30 am - 12:30 pm,Third,10346,Home Science ID
Bangalore City University ,Bachelor of Arts (2018 Batch Only),30/03/2021,09:30 am - 12:30 pm,Third,90021,Science and Society
Bangalore City University ,Bachelor of Arts (2018 Batch Only),1/4/2021,09:30 am - 12:30 pm,Third,10331,Communicative English Ill
Bangalore City University ,Bachelor of Arts (2018 Batch Only),1/4/2021,09:30 am - 12:30 pm,Third,10334,Tourism Ill
Bangalore City University ,Bachelor of Arts (2018 Batch Only),1/4/2021,09:30 am - 12:30 pm,Third,10337,Kannada (Optional) III
Bangalore City University ,Bachelor of Arts (2018 Batch Only),6/4/2021,09:30 am - 12:30 pm,Third,10322,Economi cs m: Economics of Infrastructure
Bangalore City University ,Bachelor of Arts (2018 Batch Only),6/4/2021,09:30 am - 12:30 pm,Third,10330,Women Studies III
Bangalore City University ,Bachelor of Arts (2018 Batch Only),6/4/2021,09:30 am - 12:30 pm,Third,10364,Communicative  English III
Bangalore City University ,Bachelor of Arts (2018 Batch Only),6/4/2021,09:30 am - 12:30 pm,Third,10365,Economics ID : Monetary Economics
Bangalore City University ,Bachelor of Arts (2018 Batch Only),8/4/2021,09:30 am - 12:30 pm,Third,10325,Journalism  HI
Bangalore City University ,Bachelor of Arts (2018 Batch Only),8/4/2021,09:30 am - 12:30 pm,Third,10328,Geography ill
Bangalore City University ,Bachelor of Arts (2018 Batch Only),10/4/2021,09:30 am - 12:30 pm,Third,10324,Sociology III
Bangalore City University ,Bachelor of Arts (2018 Batch Only),16/03/2021,09:30 am - 12:30 pm,Third,10302,Kannada
Bangalore City University ,Bachelor of Arts (2018 Batch Only),16/03/2021,09:30 am - 12:30 pm,Third,10304,Urdu
Bangalore City University ,Bachelor of Arts (2018 Batch Only),16/03/2021,09:30 am - 12:30 pm,Third,10306,Telugu
Bangalore City University ,Bachelor of Arts (2018 Batch Only),16/03/2021,09:30 am - 12:30 pm,Third,10309,French
Bangalore City University ,Bachelor of Arts (2018 Batch Only),16/03/2021,09:30 am - 12:30 pm,Third,10311,Bengali
Bangalore City University ,Bachelor of Arts (2018 Batch Only),16/03/2021,09:30 am - 12:30 pm,Third,10312,Arabic
Bangalore City University ,Bachelor of Arts (2018 Batch Only),16/03/2021,09:30 am - 12:30 pm,Third,10313,Persian
Bangalore City University ,Bachelor of Arts (2018 Batch Only),16/03/2021,09:30 am - 12:30 pm,Third,32303,Hindi
Bangalore City University ,Bachelor of Arts (2018 Batch Only),16/03/2021,09:30 am - 12:30 pm,Third,32305,Sanskrit
Bangalore City University ,Bachelor of Arts (2018 Batch Only),16/03/2021,09:30 am - 12:30 pm,Third,32307,Tamil
Bangalore City University ,Bachelor of Arts (2018 Batch Only),16/03/2021,09:30 am - 12:30 pm,Third,32308,Malayalam
Bangalore City University ,Bachelor of Arts (2018 Batch Only),16/03/2021,09:30 am - 12:30 pm,Third,32310,Additional English
Bangalore City University ,Bachelor of Arts (2019 Batch Only),18/03/2021,09:30 am - 12:30 pm,Third,32301,English
Bangalore City University ,Bachelor of Arts (2019 Batch Only),20/03/2021,09:30 am - 12:30 pm,Third,32321,History
Bangalore City University ,Bachelor of Arts (2019 Batch Only),23/03/2021,09:30 am - 12:30 pm,Third,10345,Marketing
Bangalore City University ,Bachelor of Arts (2019 Batch Only),23/03/2021,09:30 am - 12:30 pm,Third,32336,English (Optional)
Bangalore City University ,Bachelor of Arts (2019 Batch Only),25/03/2021,09:30 am - 12 :3 0 pm,Third,32329,Psychology : Developmental Psychology
Bangalore City University ,Bachelor of Arts (2019 Batch Only),25/03/2021,09:30 am - 12:30 pm,Third,32369,Psychology III : Child Psychology
Bangalore City University ,Bachelor of Arts (2019 Batch Only),27/03/2021,09:30 am - 12:30 pm,Third,10335,Criminology
Bangalore City University ,Bachelor of Arts (2019 Batch Only),27/03/2021,09:30 am - 12:30 pm,Third,10341,Music
Bangalore City University ,Bachelor of Arts (2019 Batch Only),27/03/2021,09:30 am - 12:30 pm,Third,10369,Music (Bharathanatyam)
Bangalore City University ,Bachelor of Arts (2019 Batch Only),27/03/2021,09:30 am - 12:30 pm,Third,10370,Music (Kathak)
Bangalore City University ,Bachelor of Arts (2019 Batch Only),27/03/2021,09:30 am - 12:30 pm,Third,32323,Political Science: Madren Government of USA and U
Bangalore City University ,Bachelor of Arts (2019 Batch Only),27/03/2021,09:30 am - 12:30 pm,Third,32346,Home Science
Bangalore City University ,Bachelor of Arts (2019 Batch Only),27/03/2021,09:30 am - 12:30 pm,Third,32370,Political Science : Indian Government Politics
Bangalore City University ,Bachelor of Arts (2019 Batch Only),30/03/2021,09:30 am - 12:30 pm,Third,90021,Science and Society
Bangalore City University ,Bachelor of Arts (2019 Batch Only),1/4/2021,09:30 am - 12:30 pm,Third,10334,Tourism
Bangalore City University ,Bachelor of Arts (2019 Batch Only),1/4/2021,09:30 am-  12:30 pm,Third,10337,Kannada (Optional)
Bangalore City University ,Bachelor of Arts (2019 Batch Only),1/4/2021,09:30 am - 12:30 pm,Third,32331,Communicative English
Bangalore City University ,Bachelor of Arts (2019 Batch Only),6/4/2021,09:30 am - 12:30 pm,Third,10330,Women Studies
Bangalore City University ,Bachelor of Arts (2019 Batch Only),6/4/2021,09:30 am - 12:30 pm,Third,10367,Bharathanatyam
Bangalore City University ,Bachelor of Arts (2019 Batch Only),6/4/2021,09:30 am - 12:30 pm,Third,32322,Economics : Pub lic Economics
Bangalore City University ,Bachelor of Arts (2019 Batch Only),6/4/2021,09:30 am - 12:30 pm,Third,32332,Communicative English
Bangalore City University ,Bachelor of Arts (2019 Batch Only),6/4/2021,09:30 am - 12:30 pm,Third,32368,Economics ill  : Development Economics
Bangalore City University ,Bachelor of Arts (2019 Batch Only),8/4/2021,09:30 am - 12:30 pm,Third,10328,Geography
Bangalore City University ,Bachelor of Arts (2019 Batch Only),8/4/2021,09:30 am - 12:30 pm,Third,32325,Journalism
Bangalore City University ,Bachelor of Arts (2019 Batch Only),10/4/2021,09:30 am - 12:30 pm,Third,32324,Sociology
Bangalore City University , Bachelor of Business Administration  (2018 Batch Only),16/03/2021,09:30 am - 12:30 pm,Third,10306,Telugu
Bangalore City University , Bachelor of Business Administration  (2018 Batch Only),16/03/2021,09:30 am - 12:30 pm,Third,10309,French
Bangalore City University , Bachelor of Business Administration  (2018 Batch Only),16/03/2021,09:30 am - 12:30 pm,Third,10310,Additional English
Bangalore City University , Bachelor of Business Administration  (2018 Batch Only),16/03/2021,09:30 am - 12:30 pm,Third,10311,Benga li
Bangalore City University , Bachelor of Business Administration  (2018 Batch Only),16/03/2021,09:30 am - 12:30 pm,Third,10312,Arabic
Bangalore City University , Bachelor of Business Administration  (2018 Batch Only),16/03/2021,09:30 am - 12:30 pm,Third,10313,Persian
Bangalore City University , Bachelor of Business Administration  (2018 Batch Only),16/03/2021,09:30 am - 12:30 pm,Third,13307,Tamil
Bangalore City University , Bachelor of Business Administration  (2018 Batch Only),16/03/2021,09:30 am - 12:30 pm,Third,13308,Malayalam
Bangalore City University , Bachelor of Business Administration  (2018 Batch Only),16/03/2021,09:30 am - 12:30 pm,Third,14302,Kannada
Bangalore City University , Bachelor of Business Administration  (2018 Batch Only),16/03/2021,09:30 am - 12:30 pm,Third,14303,Hindi
Bangalore City University , Bachelor of Business Administration  (2018 Batch Only),16/03/2021,09:30 am - 12:30 pm,Third,14304,Urdu
Bangalore City University , Bachelor of Business Administration  (2018 Batch Only),16/03/2021,09:30 am - 12:30 pm,Third,14305,Sanskrit
Bangalore City University , Bachelor of Business Administration  (2018 Batch Only),18/03/2021,09:30 am - 12:30 pm,Third,14321,Soft Skills for Bussiness
Bangalore City University , Bachelor of Business Administration  (2018 Batch Only),20/03/2021,09:30 am - 12:30 pm,Third,14322,Corporate Accounting
Bangalore City University , Bachelor of Business Administration  (2018 Batch Only),23/03/2021,09:30 am - 12:30 pm,Third,14323,Human Resource Management
Bangalore City University , Bachelor of Business Administration  (2018 Batch Only),25/03/2021,09:30 am - 12:30 pm,Third,14324,Bussiness Regulation
Bangalore City University , Bachelor of Business Administration  (2018 Batch Only),27/03/2021,09:30 am - 12:30 pm,Third,14326,Bussiness Ethics
Bangalore City University , Bachelor of Business Administration  (2018 Batch Only),30/03/2021,09:30 am - 12:30 pm,Third,90021,Science and Society
Bangalore City University , Bachelor of Business Administration  (2018 Batch Only),1/4/2021,09:30 am - 12:30 pm,Third,14325,Corporate Environment
Bangalore City University ,Bachelor of Business Administration (2019 Batch Onwards),16/03/2021,09:30 am - 12:30 pm,Third,10306,Telugu
Bangalore City University ,Bachelor of Business Administration (2019 Batch Onwards),16/03/2021,09:30 am - 12:30 pm,Third,10309,French
Bangalore City University ,Bachelor of Business Administration (2019 Batch Onwards),16/03/2021,09:30 am - 12:30 pm,Third,10311,Bengali
Bangalore City University ,Bachelor of Business Administration (2019 Batch Onwards),16/03/2021,09:30 am - 12:30 pm,Third,10312,Arabic
Bangalore City University ,Bachelor of Business Administration (2019 Batch Onwards),16/03/2021,09:30 am - 12:30 pm,Third,10313,Persian
Bangalore City University ,Bachelor of Business Administration (2019 Batch Onwards),16/03/2021,09:30 am - 12:30 pm,Third,14302,Kannada
Bangalore City University ,Bachelor of Business Administration (2019 Batch Onwards),16/03/2021,09:30 am - 12:30 pm,Third,14304,Urdu
Bangalore City University ,Bachelor of Business Administration (2019 Batch Onwards),16/03/2021,09:30 am - 12:30 pm,Third,32307,Tamil
Bangalore City University ,Bachelor of Business Administration (2019 Batch Onwards),16/03/2021,09:30 am - 12:30 pm,Third,32308,Malayalam
Bangalore City University ,Bachelor of Business Administration (2019 Batch Onwards),16/03/2021,09:30 am - 12:30 pm,Third,32310,Additional English
Bangalore City University ,Bachelor of Business Administration (2019 Batch Onwards),16/03/2021,09:30 am - 12:30 pm,Third,35303,Hindi
Bangalore City University ,Bachelor of Business Administration (2019 Batch Onwards),16/03/2021,09:30 am - 12:30 pm,Third,35305,Sanskrit
Bangalore City University ,Bachelor of Business Administration (2019 Batch Onwards),18/03/2021,09:30 am - 12:30 pm,Third,35321,Corporate Communication skills part-I
Bangalore City University ,Bachelor of Business Administration (2019 Batch Onwards),20/03/2021,09:30 am - 12:30 pm,Third,35322,Cost Accounting
Bangalore City University ,Bachelor of Business Administration (2019 Batch Onwards),23/03/2021,09:30 am - 12:30 pm,Third,35323,Human Resourse Management
Bangalore City University ,Bachelor of Business Administration (2019 Batch Onwards),25/03/2021,09:30 am - 12:30 pm,Third,35324,Financial Markets and Services
Bangalore City University ,Bachelor of Business Administration (2019 Batch Onwards),27/03/2021,09:30 am - 12:30 pm,Third,35326,Corporate Financial Management
Bangalore City University ,Bachelor of Business Administration (2019 Batch Onwards),30/03/2021,09:30 am - 12:30 pm,Third,90021,Science and Society
Bangalore City University ,Bachelor of Business Administration (2019 Batch Onwards),1/4/2021,09:30 am - 12:30 pm,Third,35325,Business Data Analysis
Bangalore City University ,BBA (Aviation Management) (2018 Batch Only),18/03/2021,09:30 am - 12:30 pm,Third,18321,Bussiness Communicatio n
Bangalore City University ,BBA (Aviation Management) (2018 Batch Only),20/03/2021,09:30 am - 12:30 pm,Third,18322,Production  And Material Managem ent
Bangalore City University ,BBA (Aviation Management) (2018 Batch Only),23/03/2021,09:30 am - 12:30 pm,Third,18323,Marketing Management
Bangalore City University ,BBA (Aviation Management) (2018 Batch Only),25/03/2021,09:30 am - 12:30 pm,Third,18324,Management Information System
Bangalore City University ,BBA (Aviation Management) (2018 Batch Only),27/03/2021,09:30 am - 12 :30 pm,Third,18326,Retail Management
Bangalore City University ,BBA (Aviation Management) (2018 Batch Only),30/03/2021,09:30 am - 12:30 pm,Third,90021,Science and Society
Bangalore City University ,BBA (Aviation Management) (2018 Batch Only),1/4/2021,09:30 am - 12:30 pm,Third,18327,Airline and Travel & Tourism Industry : Introducti
Bangalore City University ,BBA (Aviation Management) (2018 Batch Only),6/4/2021,09:30 am - 12:30 pm,Third,18325,Income Tax
Bangalore City University ,BBA (Aviation Management) (2019 Batch Only),16/03/2021,09:30 am - 12:30 pm,Third,10306,Telugu
Bangalore City University ,BBA (Aviation Management) (2019 Batch Only),16/03/2021,09:30 am - 12:30 pm,Third,10309,French
Bangalore City University ,BBA (Aviation Management) (2019 Batch Only),16/03/2021,09:30 am - 12:30 pm,Third,10311,Bengali
Bangalore City University ,BBA (Aviation Management) (2019 Batch Only),16/03/2021,09:30 am - 12:30 pm,Third,10312,Arabic
Bangalore City University ,BBA (Aviation Management) (2019 Batch Only),16/03/2021,09:30 am - 12:30 pm,Third,10313,Persian
Bangalore City University ,BBA (Aviation Management) (2019 Batch Only),16/03/2021,09:30 am - 12:30 pm,Third,14302,Kannada
Bangalore City University ,BBA (Aviation Management) (2019 Batch Only),16/03/2021,09:30 am - 12:30 pm,Third,14304,Urdu
Bangalore City University ,BBA (Aviation Management) (2019 Batch Only),16/03/2021,09:30 am - 12:30 pm,Third,32307,Tamil
Bangalore City University ,BBA (Aviation Management) (2019 Batch Only),16/03/2021,09:30 am - 12:30 pm,Third,32308,Malaya la m
Bangalore City University ,BBA (Aviation Management) (2019 Batch Only),16/03/2021,09:30 am -  12:30  pm,Third,32310,Additional English
Bangalore City University ,BBA (Aviation Management) (2019 Batch Only),16/03/2021,09:30 am - 12:30 pm,Third,35303,Hindi
Bangalore City University ,BBA (Aviation Management) (2019 Batch Only),16/03/2021,09:30 am - 12:30 pm,Third,35305,Sanskrit
Bangalore City University ,BBA (Aviation Management) (2019 Batch Only),18/03/2021,09 :3 0 am - 12:30 pm,Third,38321,Production and Operations Management
Bangalore City University ,BBA (Aviation Management) (2019 Batch Only),20/03/2021,09:30 am - 12:30 pm,Third,38322,Marketing and Retail Management
Bangalore City University ,BBA (Aviation Management) (2019 Batch Only),23/03/2021,09:30 am - 12:30 pm,Third,38323,E-Business Information Systems
Bangalore City University ,BBA (Aviation Management) (2019 Batch Only),25/03/2021,09:30 am - 12:30 pm,Third,38324,Cost and Management Accounting
Bangalore City University ,BBA (Aviation Management) (2019 Batch Only),27/03/2021,09:30 am - 12:30 pm,Third,38326,Corporate Communication Skills
Bangalore City University ,BBA (Aviation Management) (2019 Batch Only),30/03/2021,09:30 am - 12:30 pm,Third,90021,Science and Society
Bangalore City University ,BBA (Aviation Management) (2019 Batch Only),1/4/2021,09:30 am - 12:30 pm,Third,38325,Aviation Law and Aircraft rules & Regulations
Bangalore City University ,BCA (2018 Batch),16/03/2021,09:30 am - 12:30 pm,Third,10306,Telugu
Bangalore City University ,BCA (2018 Batch),16/03/2021,09:30 am - 12:30 pm,Third,10307,Tamil
Bangalore City University ,BCA (2018 Batch),16/03/2021,09:30 am - 12:30 pm,Third,10308,Malayalam
Bangalore City University ,BCA (2018 Batch),16/03/2021,09:30 am - 12:30 pm,Third,10309,French
Bangalore City University ,BCA (2018 Batch),16/03/2021,09:30 am - 12:30 pm,Third,10310,Additional  English
Bangalore City University ,BCA (2018 Batch),16/03/2021,09:30 am - 12:30 pm,Third,10311,Bengali
Bangalore City University ,BCA (2018 Batch),16/03/2021,09:30 am - 12:30 pm,Third,10312,Arabic
Bangalore City University ,BCA (2018 Batch),16/03/2021,09:30 am - 12:30 pm,Third,10313,Persian
Bangalore City University ,BCA (2018 Batch),16/03/2021,09:30 am - 12:30 pm,Third,15302,Kannada
Bangalore City University ,BCA (2018 Batch),16/03/2021,09:30 am - 12:30 pm,Third,15303,Hindi
Bangalore City University ,BCA (2018 Batch),16/03/2021,09:30 am - 12:30 pm,Third,15304,Urdu
Bangalore City University ,BCA (2018 Batch),16/03/2021,09:30 am - 12:30 pm,Third,15305,Sanskrit
Bangalore City University ,BCA (2018 Batch),18/03/2021,09:30 am - 12:30 pm,Third,11301,English
Bangalore City University ,BCA (2018 Batch),20/03/2021,09:30 am - 12:30 pm,Third,15321,Object Oriented Programming using C++
Bangalore City University ,BCA (2018 Batch),23/03/2021,09:30 am - 12:30 pm,Third,15322,Financial Accounting and Management
Bangalore City University ,BCA (2018 Batch),25/03/2021,09:30 am - 12:30 pm,Third,15323,Operating System
Bangalore City University ,BCA (2018 Batch),30/03/2021,09:30 am - 12:30 pm,Third,90022,"Culture,Diversity and Society"
Bangalore City University ,BCA (2019 Batch),16/03/2021,09:30 am - 12:30 pm,Third,10306,Telugu
Bangalore City University ,BCA (2019 Batch),16/03/2021,09:30 am - 12:30 pm,Third,10309,Marathi
Bangalore City University ,BCA (2019 Batch),16/03/2021,09:30 am - 12:30 pm,Third,10311,Arabic
Bangalore City University ,BCA (2019 Batch),16/03/2021,09:30 am - 12:30 pm,Third,10312,French
Bangalore City University ,BCA (2019 Batch),16/03/2021,09:30 am - 12:30 pm,Third,10313,Persian
Bangalore City University ,BCA (2019 Batch),16/03/2021,09:30 am - 12:30 pm,Third,15302,Kannada
Bangalore City University ,BCA (2019 Batch),16/03/2021,09:30 am - 12:30 pm,Third,15304,Urdu
Bangalore City University ,BCA (2019 Batch),16/03/2021,09:30 am - 12:30 pm,Third,32307,Tamil
Bangalore City University ,BCA (2019 Batch),16/03/2021,09:30 am - 12:30 pm,Third,32308,Malayalam
Bangalore City University ,BCA (2019 Batch),16/03/2021,09:30 am - 12:30 pm,Third,32310,Additional English
Bangalore City University ,BCA (2019 Batch),16/03/2021,09:30 am - 12:30 pm,Third,36303,Hindi
Bangalore City University ,BCA (2019 Batch),16/03/2021,09:30 am - 12:30 pm,Third,36305,Sanskrit
Bangalore City University ,BCA (2019 Batch),18/03/2021,09:30 am - 12:30 pm,Third,33301,English
Bangalore City University ,BCA (2019 Batch),20/03/2021,09:30 am - 12:30 pm,Third,15321,Object oriented Programming using  C++
Bangalore City University ,BCA (2019 Batch),23/03/2021,09:30 am - 12:30 pm,Third,15322,Financial Accounting and Management
Bangalore City University ,BCA (2019 Batch),25/03/2021,09:30 am - 12:30 pm,Third,15323,Operating System
Bangalore City University ,BCA (2019 Batch),30/03/2021,09:30 am - 12:30 pm,Third,90022,"Culture, Diversity & Society"
Bangalore City University ,B.COM (2018 Batch),16/03/2021,09:30 am - 12:30 pm,Third,10306,Telugu
Bangalore City University ,B.COM (2018 Batch),16/03/2021,09:30 am - 12:30 pm,Third,10309,French
Bangalore City University ,B.COM (2018 Batch),16/03/2021,09:30 am - 12:30 pm,Third,10310,Additional English
Bangalore City University ,B.COM (2018 Batch),16/03/2021,09:30 am - 12:30 pm,Third,10311,Bengali
Bangalore City University ,B.COM (2018 Batch),16/03/2021,09:30 am - 12:30 pm,Third,10312,Arabic
Bangalore City University ,B.COM (2018 Batch),16/03/2021,09:30 am - 12:30 pm,Third,10313,Persian
Bangalore City University ,B.COM (2018 Batch),16/03/2021,09:30 am - 12:30 pm,Third,13302,Kannada
Bangalore City University ,B.COM (2018 Batch),16/03/2021,09:30 am - 12:30 pm,Third,13303,Hindi
Bangalore City University ,B.COM (2018 Batch),16/03/2021,09:30 am - 12:30 pm,Third,13304,Urdu
Bangalore City University ,B.COM (2018 Batch),16/03/2021,09:30 am - 12:30 pm,Third,13305,Sanskrit
Bangalore City University ,B.COM (2018 Batch),16/03/2021,09:30 am - 12:30 pm,Third,13307,Tamil
Bangalore City University ,B.COM (2018 Batch),16/03/2021,09:30 am - 12:30 pm,Third,13308,Malayalam
Bangalore City University ,B.COM (2018 Batch),18/03/2021,09:30 am - 12:30 pm,Third,13301,English
Bangalore City University ,B.COM (2018 Batch),20/03/2021,09:30 am - 12:30 pm,Third,13321,Corporate Accounting
Bangalore City University ,B.COM (2018 Batch),23/03/2021,09:30 am - 12:30 pm,Third,13322,Financial Management
Bangalore City University ,B.COM (2018 Batch),25/03/2021,09:30 am - 12:30 pm,Third,13323,Business Ethics
Bangalore City University ,B.COM (2018 Batch),27/03/2021,09:30 am - 12:30 pm,Third,13324,Quantitive Analysis for Business Decisions - II
Bangalore City University ,B.COM (2018 Batch),30/03/2021,09:30 am - 12:30 pm,Third,90021,Science and Society
Bangalore City University ,B.COM (2018 Batch),1/4/2021,09:30 am - 12:30 pm,Third,13325,Public Relations a-nd Corporate Communication
Bangalore City University ,B.COM (2019 Batch),16/03/2021,09:30 am - 12:30 pm,Third,10306,Telugu
Bangalore City University ,B.COM (2019 Batch),16/03/2021,09:30 am - 12:30 pm,Third,10309,French
Bangalore City University ,B.COM (2019 Batch),16/03/2021,09:30 am - 12:30 pm,Third,10311,Bengali
Bangalore City University ,B.COM (2019 Batch),16/03/2021,09:30 am - 12:30 pm,Third,10312,Arabic
Bangalore City University ,B.COM (2019 Batch),16/03/2021,09:30 am - 12:30 pm,Third,10313,Pers ian
Bangalore City University ,B.COM (2019 Batch),16/03/2021,09:30 am - 12 :30  pm,Third,13302,Kannada
Bangalore City University ,B.COM (2019 Batch),16/03/2021,09:30 am - 12:30 pm,Third,13304,Urdu
Bangalore City University ,B.COM (2019 Batch),16/03/2021,09:30 am - 12:30 pm,Third,32307,Tamil
Bangalore City University ,B.COM (2019 Batch),16/03/2021,09:30 am - 12:30 pm,Third,32308,Malayalam
Bangalore City University ,B.COM (2019 Batch),16/03/2021,09:30 am - 12 :30  pm,Third,32310,Additional English
Bangalore City University ,B.COM (2019 Batch),16/03/2021,09:30 am - 12:30 pm,Third,34303,Hindi
Bangalore City University ,B.COM (2019 Batch),16/03/2021,09:30 am - 12:30 pm,Third,34305,Sanskrit
Bangalore City University ,B.COM (2019 Batch),18 /03 /2021,09:30 am - 12:30 pm,Third,34301,English
Bangalore City University ,B.COM (2019 Batch),20/03/2021,09:30 am - 12:30 pm,Third,34321,Corporate Accounting
Bangalore City University ,B.COM (2019 Batch),23/03/2021,09:30 am - 12:30 pm,Third,34322,Financial Management
Bangalore City University ,B.COM (2019 Batch),25/03/2021,09:30 am - 12:30 pm,Third,34323,Bus iness Regulations
Bangalore City University ,B.COM (2019 Batch),27/03/2021,09:30 am - 12:30 pm,Third,34324,Business Data Analysis
Bangalore City University ,B.COM (2019 Batch),30/03/2021,09:30 am - 12:30 pm,Third,90021,Science and Society
Bangalore City University ,B.COM (2019 Batch),1/4/2021,09:30 am - 12:30 pm,Third,34325,Practicals on Skill Development
Bangalore City University ,BHM (2018 Batch),16/03/2021,09:30 am - 12:30 pm,Third,10302,Kannada
Bangalore City University ,BHM (2018 Batch),16/03/2021,09:30 am - 12:30 pm,Third,10306,Telugu
Bangalore City University ,BHM (2018 Batch),16/03/2021,09:30 am - 12:30 pm,Third,10309,French
Bangalore City University ,BHM (2018 Batch),16/03/2021,09:30 am - 12:30 pm,Third,10310,Additional English
Bangalore City University ,BHM (2018 Batch),16/03/2021,09:30 am - 12:30 pm,Third,10311,Benga li
Bangalore City University ,BHM (2018 Batch),16/03/2021,09:30 am - 12:3 0 pm,Third,10312,Arabic
Bangalore City University ,BHM (2018 Batch),16/03/2021,09:30 am - 12:30 pm,Third,10313,Persian
Bangalore City University ,BHM (2018 Batch),16/03/2021,09:30 am - 12:30 pm,Third,13304,Urdu
Bangalore City University ,BHM (2018 Batch),16/03/2021,09:30 am - 12:3 0 pm,Third,13307,Tamil
Bangalore City University ,BHM (2018 Batch),16/03/2021,09 :30  am - 12:30 pm,Third,13308,Malayal am
Bangalore City University ,BHM (2018 Batch),16/03/2021,09:30 am - 12:30 pm,Third,14303,Hindi
Bangalore City University ,BHM (2018 Batch),16/03/2021,09:30 am - 12:30 pm,Third,15305,Sanskrit
Bangalore City University ,BHM (2018 Batch),18/03/202l,09:30 am - 12:30 pm,Third,24321,Food & Beverage Production  - ill
Bangalore City University ,BHM (2018 Batch),20/03/2021,09:30 am - 12:30 pm,Third,24322,Food & Beverage Service - III
Bangalore City University ,BHM (2018 Batch),23/03/2021,09:30 am - 12:30 pm,Third,24323,Front Office - II
Bangalore City University ,BHM (2018 Batch),25/03/2021,09:30 am - 12:30 pm,Third,24324,Housekeeping - II
Bangalore City University ,BHM (2018 Batch),30/03/2021,09:30 am - 12:30 pm,Third,90021,Science and Society
Bangalore City University ,BHM (2019 Batch),16/03/2021,09:30 am - 12:30 pm,Third,10302,Kannada
Bangalore City University ,BHM (2019 Batch),16/03/2021,09:30 am - 12:30 pm,Third,10306,Telugu
Bangalore City University ,BHM (2019 Batch),16/03/2021,09:30 am - 12:30 pm,Third,10309,French
Bangalore City University ,BHM (2019 Batch),16/03/2021,09:30 am - 12:30 pm,Third,10311,Bengali
Bangalore City University ,BHM (2019 Batch),16/03/2021,09:30 am - 12:30 pm,Third,10312,Arabic
Bangalore City University ,BHM (2019 Batch),16/03/2021,09:30 am - 12:30 pm,Third,10313,Persian
Bangalore City University ,BHM (2019 Batch),16/03/2021,09:30 am - 12:30 pm,Third,13304,Urdu
Bangalore City University ,BHM (2019 Batch),16/03/2021,09:30 am - 12:30 pm,Third,32307,Tamil
Bangalore City University ,BHM (2019 Batch),16/03/2021,09:30 am - 12:3 0 pm,Third,32308,Malaya lam
Bangalore City University ,BHM (2019 Batch),16/03/2021,09:30 am - 12:30 pm,Third,32310,Additiona l English
Bangalore City University ,BHM (2019 Batch),16/03/2021,09:30 am - 12:30 pm,Third,35303,Hindi
Bangalore City University ,BHM (2019 Batch),16/03/2021,09:30 am - 12:30 pm,Third,36305,Sanskrit
Bangalore City University ,BHM (2019 Batch),18/03/2021,09:30 am - 12:30 pm,Third,24321,Food &  Beverage Production - ill
Bangalore City University ,BHM (2019 Batch),20/03/2021,09:30 am - 12:30 pm,Third,24322,Food &  Beverage Service - III
Bangalore City University ,BHM (2019 Batch),23/03/2021,09:30 am - 12:30 pm,Third,24323,Front Office - II
Bangalore City University ,BHM (2019 Batch),25/03/2021,09:30 am - 12:30 pm,Third,24324,Housekeeping - II
Bangalore City University ,BHM (2019 Batch),30/03/2021,09:30 am - 12:30 pm,Third,90021,Science and Society
Bangalore City University ,BSc (2018 Batch),16/03/2021,09:30 am - 12:30 pm,Third,10305,Sanskrit III
Bangalore City University ,BSc (2018 Batch),16/03/2021,09:30 am - 12:30 pm,Third,10306,Telugu Ill
Bangalore City University ,BSc (2018 Batch),16/03/2021,09:30 am - 12:30 pm,Third,10307,Tamil III
Bangalore City University ,BSc (2018 Batch),16/03/2021,09:30 am - 12:30 pm,Third,10308,Malayalam III
Bangalore City University ,BSc (2018 Batch),16/03/2021,09:30 am - 12 :3 0 pm,Third,10309,French III
Bangalore City University ,BSc (2018 Batch),16/03/2021,09:30 am - 12:30 pm,Third,10310,Additio nal E nglish Ill
Bangalore City University ,BSc (2018 Batch),16/03/2021,09:30 am - 12:30 pm,Third,10311,Bengali III
Bangalore City University ,BSc (2018 Batch),16/03/2021,09:30 am - 12:30 pm,Third,10312,Arabic III
Bangalore City University ,BSc (2018 Batch),16/03/2021,09:30 am - 12:30 pm,Third,10313,Persian III
Bangalore City University ,BSc (2018 Batch),16/03/2021,09:30 am - 12:30 pm,Third,11302,Kannada lII
Bangalore City University ,BSc (2018 Batch),16/03/2021,09:30 am - 12:30 pm,Third,11303,Hindi III
Bangalore City University ,BSc (2018 Batch),16/03/2021,09:30 am - 12:30 pm,Third,11304,Urdu III                   .
Bangalore City University ,BSc (2018 Batch),18/03/2021,09:30 am - 12:30 pm,Third,11301,Englis h III
Bangalore City University ,BSc (2018 Batch),20/03/2021,09:30 am - 12:30 pm,Third,11321,Physics Ill
Bangalore City University ,BSc (2018 Batch),20/03/2021,09:30 am - 12:30 pm,Third,11333,Zoology III
Bangalore City University ,BSc (2018 Batch),23/03/2021,09:30 am - 12:30 pm,Third,11325,Computer Science III
Bangalore City University ,BSc (2018 Batch),23/03/2021,09:30 am - 12:3 0 pm,Third,11335,Microbiology III
Bangalore City University ,BSc (2018 Batch),25/03/2021,09:30 am - 12:30 pm,Third,10329,Psychology III (Developmental Psychology)
Bangalore City University ,BSc (2018 Batch),25/03/2021,09:30 am - 12:30 pm,Third,10366,Psychology III (Child Psychology)
Bangalore City University ,BSc (2018 Batch),25/03/2021,09:30 am - 12:30 pm,Third,11322,Chemistry III
Bangalore City University ,BSc (2018 Batch),25/03/2021,09:30 am - 12:30 pm,Third,11327,Biochemist ry Ill
Bangalore City University ,BSc (2018 Batch),27/03/2021,09:30 am - 12:30 pm,Third,10346,Home Science III
Bangalore City University ,BSc (2018 Batch),27/03/2021,09:30 am - 12:30 pm,Third,11326,Statistics III
Bangalore City University ,BSc (2018 Batch),27/03/2021,09:30 am - 12:30 pm,Third,11329,Genetics III
Bangalore City University ,BSc (2018 Batch),27/03/2021,09:30 am - 12:3 0  pm,Third,11338,Nutrition & Dietetics Ill
Bangalore City University ,BSc (2018 Batch),30/03/2021,09:30 am - 12:30 pm,Third,90022,"Culture,Diversity and Society"
Bangalore City University ,BSc (2018 Batch),1/4/2021,09:30 am - 12:30 pm,Third,11324,Electronics Ill
Bangalore City University ,BSc (2018 Batch),1/4/2021,09:30 am - 12:30 pm,Third,11336,Sericulture III
Bangalore City University ,BSc (2018 Batch),6/4/2021,09:30 am - 12:30 pm,Third,10322,Economics III  (Infrastructure Economics)
Bangalore City University ,BSc (2018 Batch),6/4/2021,09:30 am - 12:30 pm,Third,10365,Economics III (Monetary Economics)
Bangalore City University ,BSc (2018 Batch),6/4/2021,09:30 am - 12:30 pm,Third,11334,Biotechnology III
Bangalore City University ,BSc (2018 Batch),8/4/2021,09:30 am - 12:30 pm,Third,11328,Botany Ill
Bangalore City University ,BSc (2018 Batch),10/4/2021,09:30 am - 12:30 pm,Third,10324,Sociology Ill
Bangalore City University ,BSc (2018 Batch),10/4/2021,09:30 am - 12:30 pm,Third,11323,Mathematics Ill
Bangalore City University ,Bsc (2019 Batch),16/03/2021,09:30 am - 12:30 pm,Third,10306,Telugu
Bangalore City University ,Bsc (2019 Batch),16/03/2021,09:30 am - 12:30 pm,Third,10309,French
Bangalore City University ,Bsc (2019 Batch),16/03/2021,09:30 am - 12:30 pm,Third,10311,Bengali
Bangalore City University ,Bsc (2019 Batch),16/03/2021,09:30 am - 12:30 pm,Third,10312,Arabic
Bangalore City University ,Bsc (2019 Batch),16/03/2021,09:30 am - 12:30 pm,Third,10313,Persian
Bangalore City University ,Bsc (2019 Batch),16/03/2021,09:30 am - 12:3 0 pm,Third,11302,Kannada
Bangalore City University ,Bsc (2019 Batch),16/03/2021,09:30 am - 12:30 pm,Third,11304,Urdu
Bangalore City University ,Bsc (2019 Batch),16/03/2021,09:30 am - 12:30 pm,Third,32305,Sanskrit
Bangalore City University ,Bsc (2019 Batch),16/03/2021,09:30 am - 12:30 pm,Third,32307,Tamil
Bangalore City University ,Bsc (2019 Batch),16/03/2021,09:30 am - 12:30 pm,Third,32308,Malayalam
Bangalore City University ,Bsc (2019 Batch),16/03/2021,09:30 am - 12:30 pm,Third,32310,Additional English
Bangalore City University ,Bsc (2019 Batch),16/03/2021,09:30 am - 12:30 pm,Third,33303,Hindi
Bangalore City University ,Bsc (2019 Batch),18/03/2021,09:30 am - 12:30 pm,Third,33301,English
Bangalore City University ,Bsc (2019 Batch),20/03/2021,09:30 am - 12:30 pm,Third,11321,Physics
Bangalore City University ,Bsc (2019 Batch),20/03/2021,09:30 am - 12:30 pm,Third,11333,Zoology
Bangalore City University ,Bsc (2019 Batch),23/03/2021,09:30 am - 12:30 pm,Third,11325,Computer Science
Bangalore City University ,Bsc (2019 Batch),23/03/2021,09:30 am -  12:3 0 pm,Third,11335,Microbiology
Bangalore City University ,Bsc (2019 Batch),25/03/2021,09:30 am - 12:30 pm,Third,11322,Chemistry
Bangalore City University ,Bsc (2019 Batch),25/03/2021,09:30 am - 12:30 pm,Third,11327,Biochemistry
Bangalore City University ,Bsc (2019 Batch),25/03/2021,09:30 am - 12:30 pm,Third,32329,Psychology : Developmental Psychology
Bangalore City University ,Bsc (2019 Batch),25/03/2021,09:30 am - 12:30 pm,Third,32369,Psychology : Child Psychology
Bangalore City University ,Bsc (2019 Batch),27/03/2021,09:30 am - 12:30 pm,Third,11326,Stat istics
Bangalore City University ,Bsc (2019 Batch),27/03/2021,09:30 am - 12:30 pm,Third,11329,Genetics
Bangalore City University ,Bsc (2019 Batch),27/03/2021,09:30 am - 12:30 pm,Third,11338,Nutrition & Dietetics
Bangalore City University ,Bsc (2019 Batch),27/03/2021,09:30 am - 12 :3 0 pm,Third,32346,Home Science
Bangalore City University ,Bsc (2019 Batch),30/03/2021,09:30 am - 12:30 pm,Third,90022,"Culture,Diversity and Society"
Bangalore City University ,Bsc (2019 Batch),1/4/2021,09:30 am - 12:30 pm,Third,11324,Electronics
Bangalore City University ,Bsc (2019 Batch),1/4/2021,09:30 am - 12:30 pm,Third,11336,Sericulture
Bangalore City University ,Bsc (2019 Batch),6/4/2021,09:30 am - 12:30  pm,Third,11330,Economics : Public Economics
Bangalore City University ,Bsc (2019 Batch),6/4/2021,09:30 am - 12:30  pm,Third,11334,Biotechnology
Bangalore City University ,Bsc (2019 Batch),6/4/2021,09:30 am - 12:30 pm,Third,32368,Economics : Develox Mental Economics
Bangalore City University ,Bsc (2019 Batch),8/4/2021,09:30 am - 12:30 pm,Third,11328,Botany
Bangalore City University ,Bsc (2019 Batch),8/4/2021,09:30 am - 12:30 pm,Third,32325,Jouranlism
Bangalore City University ,Bsc (2019 Batch),10/4/2021,09:30 am - 12:30 pm,Third,11323,Mathematics
Bangalore City University ,Bsc (2019 Batch),10/4/2021,09:30 am - 12:30 pm,Third,32324,Sociology
Bangalore City University ,Master of Arts (Economics),15/03/2021,09:30 am - 12:30 pm,Third,60021,Development Economics
Bangalore City University ,Master of Arts (Economics),17/03/2021,09:30 am - 12:30 pm,Third,60022,International Economics
Bangalore City University ,Master of Arts (Economics),19/03/2021,09:30 am - 12:30 pm,Third,60023,Econometrics-I
Bangalore City University ,Master of Arts (Economics),22/03/2021,09:30 am - 12:30 pm,Third,60024,Industrial Economics
Bangalore City University ,Master of Arts (Economics),,09:30 am - 12:30 pm,Third,60025,Environmental Economics
Bangalore City University ,Master of Arts (English),15/03/2021,09:30 am - 12:30 pm,Third,60071,Critical Enquiry and Research Methods
Bangalore City University ,Master of Arts (English),17/03/2021,09:30 am - 12:30 pm,Third,60072,Translation Studies : Theory and Practice
Bangalore City University ,Master of Arts (English),19/03/2021,09:30 am - 12:30 pm,Third,60073,New Literatures in English
Bangalore City University ,Master of Arts (English),,09:30 am - 12:30 pm,Third,60074,Kannada Literature in English Translation
Bangalore City University ,Master of Arts (English),22/03/2021,09:30 am - 12:30 pm,Third,60075,Postcolonial Studies
Bangalore City University ,Master of Arts (Kannada),15/03/2021,09:30 am - 12:30 pm,Third,61221,Thoulnika Adhyayana Pravesha
Bangalore City University ,Master of Arts (Kannada),17/03/2021,09:30 am - 12:30 pm,Third,61222,Srujana Sheela Adhyayana Pravesha
Bangalore City University ,Master of Arts (Kannada),19/03/2021,09:30 am - 12:30 pm,Third,61223,Kannada Kavya Vimamsheya Adhyayana
Bangalore City University ,Master of Arts (Kannada),22/03/2021,09:30 am - 12:30 pm,Third,61224,Samshodhane Baravanigeya Adhyayana
Bangalore City University ,MBA,24/03/2021,09:30 am - 12:30 pm,Third,91127,Disability and Care
Bangalore City University ,M.COM (Finance and Accounting),15/03/2021,09:30 am - 12:30 pm,Third,60471,Business Ethics and Corporate Governance
Bangalore City University ,M.COM (Finance and Accounting),17/03/2021,09:30 am - 12:30 pm,Third,60472,Goods and Service Taxes
Bangalore City University ,M.COM (Finance and Accounting),19/03/2021,09:30 am - 12:30 pm,Third,60473,Forex and Derivatives
Bangalore City University ,M.COM (Finance and Accounting),22/03/2021,09:30 am - 12:30 pm,Third,60474,Insurance and Risk Management
Bangalore City University ,M.COM (Finance and Accounting),26/03/2021,09:30 am - 12:30 pm,Third,60475,Advanced E Business
Bangalore City University ,M.COM ,15/03/2021,09:30 am - 12:30 pm,Third,60571,Business Ethics and Corporate Governance
Bangalore City University ,M.COM ,17/03/2021,09:30 am - 12:30 pm,Third,60572,Corporate Financial Reporting
Bangalore City University ,M.COM ,17/03/2021,09:30 am - 12:30 pm,Third,60576,Financial Markets
Bangalore City University ,M.COM ,17/03/2021,09:30 am - 12:30 pm,Third,60580,Relational Database Management Systems
Bangalore City University ,M.COM ,19/03/2021,09:30 am - 12:30 pm,Third,60573,Accounting for Managerial Decision
Bangalore City University ,M.COM ,19/03/2021,09:30 am - 12:30 pm,Third,60577,Financial Services
Bangalore City University ,M.COM ,19/03/2021,09:30 am - 12:30 pm,Third,60581,Data Communications and Networking
Bangalore City University ,M.COM ,22/03/2021,09:30 am - 12:30 pm,Third,60574,Strategic Cost Management
Bangalore City University ,M.COM ,22/03/2021,09:30 am - 12:30 pm,Third,60578,Security Analysis
Bangalore City University ,M.COM ,22/03/2021,09:30 am - 12:30 pm,Third,60582,Entrerprise Resources Planning
Bangalore City University ,M.COM ,26/03/2021,09:30 am - 12:30 pm,Third,60575,Direct Taxes and Planning
Bangalore City University ,M.COM ,26/03/2021,09:30 am - 12:30 pm,Third,60579,Portfolio Management
Bangalore City University ,M.COM ,26/03/2021,09:30 am - 12:30 pm,Third,60583,Systems Analysis and Design
Bangalore City University ,Master of Tourism and Travel Management,15/03/2021,09:30 am - 12:30 pm,Third,61171,Foregin Language - French
Bangalore City University ,Master of Tourism and Travel Management,17/03/2021,09:30 am - 12:30 pm,Third,61172,Tourism Finance
Bangalore City University ,Master of Tourism and Travel Management,19/03/2021,09:30 am - 12:30 pm,Third,61173,Destination Planning and Development
Bangalore City University ,Master of Tourism and Travel Management,22/03/2021,09:30 am - 12:30 pm,Third,61174,Airlines Management
Bangalore City University ,Master of Tourism and Travel Management,26/03/2021,09:30 am - 12:30 pm,Third,61175,Tourist Relationship and Quality Management
Bangalore University ,B.COM,18/03/2020,02.00 pm - 5.00 pm,Fifth,1,Timetable PDF Download: http://bit.ly/3sWAcqA
Bangalore University ,BBA,18/03/2020,02.00 pm - 5.00 pm,Fifth,2,Timetable PDF Download: http://bit.ly/3sWAcqA
Bangalore University ,BCA,18/03/2020,02.00 pm - 5.00 pm,Fifth,3,Timetable PDF Download: http://bit.ly/3sWAcqA
Bangalore University ,BA,18/03/2020,02.00 pm - 5.00 pm,Fifth,4,Timetable PDF Download: http://bit.ly/3sWAcqA
Bangalore University ,BSc,18/03/2020,02.00 pm - 5.00 pm,Fifth,4,Timetable PDF Download: http://bit.ly/3sWAcqA
BU Correrpondence(DDC),M.com,28.03.20 21,11:00:00 AM - 2 PM,1 Year,NA,Business Environment  for  Strategic Management
BU Correrpondence(DDC),M.com,30.03.2021,11:00:00 AM - 2 PM,1 Year,NA,Economics for  Business dec isions
BU Correrpondence(DDC),M.com,01.04 .2021,11:00:00 AM - 2 PM,1 Year,NA,Human Resource Management
BU Correrpondence(DDC),M.com,03.04 .2021,11:00:00 AM - 2 PM,1 Year,NA,Marketing  Management
BU Correrpondence(DDC),M.com,05 .04.2021,11:00:00 AM - 2 PM,1 Year,NA,Indian Financia  Systems
BU Correrpondence(DDC),M.com,07 .04.2021,11:00:00 AM - 2 PM,1 Year,NA,Entrepreneurship  Develop ment
BU Correrpondence(DDC),M.com,09.04.2021,11:00:00 AM - 2 PM,1 Year,NA,Business Information  System
BU Correrpondence(DDC),M.com,11.04.2021,11:00:00 AM - 2 PM,1 Year,NA,Advanced Financial Management
BU Correrpondence(DDC),M.com,29.03.2021,11:00:00 AM - 2 PM,2 Year,NA,Business Ethics
BU Correrpondence(DDC),M.com,31.03.2021,11:00:00 AM - 2 PM,2 Year,NA,International Business
BU Correrpondence(DDC),M.com,04. 04.2021,11:00:00 AM - 2 PM,2 Year,NA,Managerial Communication
BU Correrpondence(DDC),M.com,06.04.2021,11:00:00 AM - 2 PM,2 Year,NA,Business Research Methods {11am to 1pm)
BU Correrpondence(DDC),M.com,08 .04.2021,11:00:00 AM - 2 PM,2 Year,NA,Cost Management/ Financial Service & Markets/ Principles of Insurance  & IRDA
BU Correrpondence(DDC),M.com,10.04.2021,11:00:00 AM - 2 PM,2 Year,NA,"Accounting for Managerial Decision/
Securities Analysis &  Portfolio Management/ Life Insu ranc e-Pri n ciples & Practice"
BU Correrpondence(DDC),M.com,12. 04.2021,11:00:00 AM - 2 PM,2 Year,NA,Direct Taxes/ Bank Operations & Risk Management/ General Insurance Principles &  Practice
BU Correrpondence(DDC),M.com,15.04.2021,11:00:00 AM - 2 PM,2 Year,NA,"Indirect Taxes/ Marketing of Bank Products/
Risk Management  in Insurance/ Customs Duty & GST"
